"Title","Media URL","Pinterest board","Thumbnail","Description","Link","Publish date","Keywords"
"anime ai 300","https://raw.githubusercontent.com/ilaydabayrak/autopin-action/main/to_post2/20250530_1952_image%20%283%29.png","AI ART","","","","2025-08-05 00:00","anime, animeçizimi, animekızları, animeerkekleri, yapayzeka"
"anime ai 301","https://raw.githubusercontent.com/ilaydabayrak/autopin-action/main/to_post2/20250603_1827_image%20%281%29.png","AI ART","","","","2025-08-05 03:00","anime, animeçizimi, animekızları, animeerkekleri, yapayzeka"
"anime ai 302","https://raw.githubusercontent.com/ilaydabayrak/autopin-action/main/to_post2/20250603_2154_image%20%282%29.png","AI ART","","","","2025-08-05 06:00","anime, animeçizimi, animekızları, animeerkekleri, yapayzeka"
"anime ai 303","https://raw.githubusercontent.com/ilaydabayrak/autopin-action/main/to_post2/20250604_1248_image%20%284%29.png","AI ART","","","","2025-08-05 09:00","anime, animeçizimi, animekızları, animeerkekleri, yapayzeka"
"anime ai 304","https://raw.githubusercontent.com/ilaydabayrak/autopin-action/main/to_post2/20250605_1252_image%20%281%29.png","AI ART","","","","2025-08-05 12:00","anime, animeçizimi, animekızları, animeerkekleri, yapayzeka"
"anime ai 305","https://raw.githubusercontent.com/ilaydabayrak/autopin-action/main/to_post2/20250605_1254_image%20%281%29.png","AI ART","","","","2025-08-05 15:00","anime, animeçizimi, animekızları, animeerkekleri, yapayzeka"
"anime ai 306","https://raw.githubusercontent.com/ilaydabayrak/autopin-action/main/to_post2/20250617_0109_image%20%281%29.png","AI ART","","","","2025-08-05 18:00","anime, animeçizimi, animekızları, animeerkekleri, yapayzeka"
"anime ai 307","https://raw.githubusercontent.com/ilaydabayrak/autopin-action/main/to_post2/20250617_0115_image.png","AI ART","","","","2025-08-05 21:00","anime, animeçizimi, animekızları, animeerkekleri, yapayzeka"
"anime ai 308","https://raw.githubusercontent.com/ilaydabayrak/autopin-action/main/to_post2/20250621_0225_image%20%281%29.png","AI ART","","","","2025-08-06 00:00","anime, animeçizimi, animekızları, animeerkekleri, yapayzeka"
"anime ai 309","https://raw.githubusercontent.com/ilaydabayrak/autopin-action/main/to_post2/20250621_0225_image%20%283%29.png","AI ART","","","","2025-08-06 03:00","anime, animeçizimi, animekızları, animeerkekleri, yapayzeka"
"anime ai 310","https://raw.githubusercontent.com/ilaydabayrak/autopin-action/main/to_post2/20250622_0129_image%20%281%29.png","AI ART","","","","2025-08-06 06:00","anime, animeçizimi, animekızları, animeerkekleri, yapayzeka"
"anime ai 311","https://raw.githubusercontent.com/ilaydabayrak/autopin-action/main/to_post2/20250622_0141_image%20%282%29.png","AI ART","","","","2025-08-06 09:00","anime, animeçizimi, animekızları, animeerkekleri, yapayzeka"
"anime ai 312","https://raw.githubusercontent.com/ilaydabayrak/autopin-action/main/to_post2/20250622_0144_image%20%284%29.png","AI ART","","","","2025-08-06 12:00","anime, animeçizimi, animekızları, animeerkekleri, yapayzeka"
"anime ai 313","https://raw.githubusercontent.com/ilaydabayrak/autopin-action/main/to_post2/20250623_0132_image.png","AI ART","","","","2025-08-06 15:00","anime, animeçizimi, animekızları, animeerkekleri, yapayzeka"
"anime ai 314","https://raw.githubusercontent.com/ilaydabayrak/autopin-action/main/to_post2/20250623_0136_image%20%283%29.png","AI ART","","","","2025-08-06 18:00","anime, animeçizimi, animekızları, animeerkekleri, yapayzeka"
"anime ai 315","https://raw.githubusercontent.com/ilaydabayrak/autopin-action/main/to_post2/20250624_2250_image%20%281%29.png","AI ART","","","","2025-08-06 21:00","anime, animeçizimi, animekızları, animeerkekleri, yapayzeka"
"anime ai 316","https://raw.githubusercontent.com/ilaydabayrak/autopin-action/main/to_post2/20250624_2250_image%20%283%29.png","AI ART","","","","2025-08-07 00:00","anime, animeçizimi, animekızları, animeerkekleri, yapayzeka"
"anime ai 317","https://raw.githubusercontent.com/ilaydabayrak/autopin-action/main/to_post2/20250624_2310_image%20%281%29.png","AI ART","","","","2025-08-07 03:00","anime, animeçizimi, animekızları, animeerkekleri, yapayzeka"
"anime ai 318","https://raw.githubusercontent.com/ilaydabayrak/autopin-action/main/to_post2/20250624_2318_image%20%281%29.png","AI ART","","","","2025-08-07 06:00","anime, animeçizimi, animekızları, animeerkekleri, yapayzeka"
"anime ai 319","https://raw.githubusercontent.com/ilaydabayrak/autopin-action/main/to_post2/20250624_2319_image%20%286%29.png","AI ART","","","","2025-08-07 09:00","anime, animeçizimi, animekızları, animeerkekleri, yapayzeka"
"anime ai 320","https://raw.githubusercontent.com/ilaydabayrak/autopin-action/main/to_post2/20250630_1919_image%20%281%29.png","AI ART","","","","2025-08-07 12:00","anime, animeçizimi, animekızları, animeerkekleri, yapayzeka"
"anime ai 321","https://raw.githubusercontent.com/ilaydabayrak/autopin-action/main/to_post2/20250630_1919_image%20%282%29.png","AI ART","","","","2025-08-07 15:00","anime, animeçizimi, animekızları, animeerkekleri, yapayzeka"
"anime ai 322","https://raw.githubusercontent.com/ilaydabayrak/autopin-action/main/to_post2/20250630_1926_image.png","AI ART","","","","2025-08-07 18:00","anime, animeçizimi, animekızları, animeerkekleri, yapayzeka"
"anime ai 323","https://raw.githubusercontent.com/ilaydabayrak/autopin-action/main/to_post2/20250630_1943_image%20%286%29.png","AI ART","","","","2025-08-07 21:00","anime, animeçizimi, animekızları, animeerkekleri, yapayzeka"
"anime ai 324","https://raw.githubusercontent.com/ilaydabayrak/autopin-action/main/to_post2/20250730_2031_image%20%281%29.png","AI ART","","","","2025-08-08 00:00","anime, animeçizimi, animekızları, animeerkekleri, yapayzeka"
"anime ai 325","https://raw.githubusercontent.com/ilaydabayrak/autopin-action/main/to_post2/20250730_2031_image%20%282%29.png","AI ART","","","","2025-08-08 03:00","anime, animeçizimi, animekızları, animeerkekleri, yapayzeka"
"anime ai 326","https://raw.githubusercontent.com/ilaydabayrak/autopin-action/main/to_post2/20250730_2031_image%20%283%29.png","AI ART","","","","2025-08-08 06:00","anime, animeçizimi, animekızları, animeerkekleri, yapayzeka"
"anime ai 327","https://raw.githubusercontent.com/ilaydabayrak/autopin-action/main/to_post2/20250730_2031_image.png","AI ART","","","","2025-08-08 09:00","anime, animeçizimi, animekızları, animeerkekleri, yapayzeka"
"anime ai 328","https://raw.githubusercontent.com/ilaydabayrak/autopin-action/main/to_post2/20250730_2032_image%20%281%29.png","AI ART","","","","2025-08-08 12:00","anime, animeçizimi, animekızları, animeerkekleri, yapayzeka"
"anime ai 329","https://raw.githubusercontent.com/ilaydabayrak/autopin-action/main/to_post2/20250730_2032_image%20%282%29.png","AI ART","","","","2025-08-08 15:00","anime, animeçizimi, animekızları, animeerkekleri, yapayzeka"
"anime ai 330","https://raw.githubusercontent.com/ilaydabayrak/autopin-action/main/to_post2/20250730_2032_image.png","AI ART","","","","2025-08-08 18:00","anime, animeçizimi, animekızları, animeerkekleri, yapayzeka"
"anime ai 331","https://raw.githubusercontent.com/ilaydabayrak/autopin-action/main/to_post2/20250730_2034_image%20%281%29.png","AI ART","","","","2025-08-08 21:00","anime, animeçizimi, animekızları, animeerkekleri, yapayzeka"
"anime ai 332","https://raw.githubusercontent.com/ilaydabayrak/autopin-action/main/to_post2/20250730_2034_image%20%282%29.png","AI ART","","","","2025-08-09 00:00","anime, animeçizimi, animekızları, animeerkekleri, yapayzeka"
"anime ai 333","https://raw.githubusercontent.com/ilaydabayrak/autopin-action/main/to_post2/20250730_2034_image.png","AI ART","","","","2025-08-09 03:00","anime, animeçizimi, animekızları, animeerkekleri, yapayzeka"
"anime ai 334","https://raw.githubusercontent.com/ilaydabayrak/autopin-action/main/to_post2/20250730_2035_image%20%281%29.png","AI ART","","","","2025-08-09 06:00","anime, animeçizimi, animekızları, animeerkekleri, yapayzeka"
"anime ai 335","https://raw.githubusercontent.com/ilaydabayrak/autopin-action/main/to_post2/20250730_2035_image.png","AI ART","","","","2025-08-09 09:00","anime, animeçizimi, animekızları, animeerkekleri, yapayzeka"
"anime ai 336","https://raw.githubusercontent.com/ilaydabayrak/autopin-action/main/to_post2/20250730_2036_image%20%281%29.png","AI ART","","","","2025-08-09 12:00","anime, animeçizimi, animekızları, animeerkekleri, yapayzeka"
"anime ai 337","https://raw.githubusercontent.com/ilaydabayrak/autopin-action/main/to_post2/20250730_2036_image.png","AI ART","","","","2025-08-09 15:00","anime, animeçizimi, animekızları, animeerkekleri, yapayzeka"
"anime ai 338","https://raw.githubusercontent.com/ilaydabayrak/autopin-action/main/to_post2/20250730_2039_image%20%281%29.png","AI ART","","","","2025-08-09 18:00","anime, animeçizimi, animekızları, animeerkekleri, yapayzeka"
"anime ai 339","https://raw.githubusercontent.com/ilaydabayrak/autopin-action/main/to_post2/20250730_2039_image.png","AI ART","","","","2025-08-09 21:00","anime, animeçizimi, animekızları, animeerkekleri, yapayzeka"
"anime ai 340","https://raw.githubusercontent.com/ilaydabayrak/autopin-action/main/to_post2/20250730_2040_image%20%281%29.png","AI ART","","","","2025-08-10 00:00","anime, animeçizimi, animekızları, animeerkekleri, yapayzeka"
"anime ai 341","https://raw.githubusercontent.com/ilaydabayrak/autopin-action/main/to_post2/20250730_2040_image%20%282%29.png","AI ART","","","","2025-08-10 03:00","anime, animeçizimi, animekızları, animeerkekleri, yapayzeka"
"anime ai 342","https://raw.githubusercontent.com/ilaydabayrak/autopin-action/main/to_post2/20250730_2040_image.png","AI ART","","","","2025-08-10 06:00","anime, animeçizimi, animekızları, animeerkekleri, yapayzeka"
"anime ai 343","https://raw.githubusercontent.com/ilaydabayrak/autopin-action/main/to_post2/20250730_2041_image%20%281%29.png","AI ART","","","","2025-08-10 09:00","anime, animeçizimi, animekızları, animeerkekleri, yapayzeka"
"anime ai 344","https://raw.githubusercontent.com/ilaydabayrak/autopin-action/main/to_post2/20250730_2041_image%20%282%29.png","AI ART","","","","2025-08-10 12:00","anime, animeçizimi, animekızları, animeerkekleri, yapayzeka"
"anime ai 345","https://raw.githubusercontent.com/ilaydabayrak/autopin-action/main/to_post2/20250730_2041_image%20%283%29.png","AI ART","","","","2025-08-10 15:00","anime, animeçizimi, animekızları, animeerkekleri, yapayzeka"
"anime ai 346","https://raw.githubusercontent.com/ilaydabayrak/autopin-action/main/to_post2/20250730_2041_image%20%284%29.png","AI ART","","","","2025-08-10 18:00","anime, animeçizimi, animekızları, animeerkekleri, yapayzeka"
"anime ai 347","https://raw.githubusercontent.com/ilaydabayrak/autopin-action/main/to_post2/20250730_2041_image.png","AI ART","","","","2025-08-10 21:00","anime, animeçizimi, animekızları, animeerkekleri, yapayzeka"
"anime ai 348","https://raw.githubusercontent.com/ilaydabayrak/autopin-action/main/to_post2/20250730_2042_image%20%281%29.png","AI ART","","","","2025-08-11 00:00","anime, animeçizimi, animekızları, animeerkekleri, yapayzeka"
"anime ai 349","https://raw.githubusercontent.com/ilaydabayrak/autopin-action/main/to_post2/20250730_2042_image%20%282%29.png","AI ART","","","","2025-08-11 03:00","anime, animeçizimi, animekızları, animeerkekleri, yapayzeka"
"anime ai 350","https://raw.githubusercontent.com/ilaydabayrak/autopin-action/main/to_post2/20250730_2042_image%20%283%29.png","AI ART","","","","2025-08-11 06:00","anime, animeçizimi, animekızları, animeerkekleri, yapayzeka"
"anime ai 351","https://raw.githubusercontent.com/ilaydabayrak/autopin-action/main/to_post2/20250730_2042_image.png","AI ART","","","","2025-08-11 09:00","anime, animeçizimi, animekızları, animeerkekleri, yapayzeka"
"anime ai 352","https://raw.githubusercontent.com/ilaydabayrak/autopin-action/main/to_post2/20250730_2043_image%20%281%29.png","AI ART","","","","2025-08-11 12:00","anime, animeçizimi, animekızları, animeerkekleri, yapayzeka"
"anime ai 353","https://raw.githubusercontent.com/ilaydabayrak/autopin-action/main/to_post2/20250730_2043_image%20%282%29.png","AI ART","","","","2025-08-11 15:00","anime, animeçizimi, animekızları, animeerkekleri, yapayzeka"
"anime ai 354","https://raw.githubusercontent.com/ilaydabayrak/autopin-action/main/to_post2/20250730_2043_image%20%283%29.png","AI ART","","","","2025-08-11 18:00","anime, animeçizimi, animekızları, animeerkekleri, yapayzeka"
"anime ai 355","https://raw.githubusercontent.com/ilaydabayrak/autopin-action/main/to_post2/20250730_2043_image.png","AI ART","","","","2025-08-11 21:00","anime, animeçizimi, animekızları, animeerkekleri, yapayzeka"
"anime ai 356","https://raw.githubusercontent.com/ilaydabayrak/autopin-action/main/to_post2/20250730_2044_image.png","AI ART","","","","2025-08-12 00:00","anime, animeçizimi, animekızları, animeerkekleri, yapayzeka"
"anime ai 357","https://raw.githubusercontent.com/ilaydabayrak/autopin-action/main/to_post2/20250730_2045_image.png","AI ART","","","","2025-08-12 03:00","anime, animeçizimi, animekızları, animeerkekleri, yapayzeka"
"anime ai 358","https://raw.githubusercontent.com/ilaydabayrak/autopin-action/main/to_post2/20250730_2049_image%20%281%29.png","AI ART","","","","2025-08-12 06:00","anime, animeçizimi, animekızları, animeerkekleri, yapayzeka"
"anime ai 359","https://raw.githubusercontent.com/ilaydabayrak/autopin-action/main/to_post2/20250730_2049_image.png","AI ART","","","","2025-08-12 09:00","anime, animeçizimi, animekızları, animeerkekleri, yapayzeka"
"anime ai 360","https://raw.githubusercontent.com/ilaydabayrak/autopin-action/main/to_post2/20250730_2050_image.png","AI ART","","","","2025-08-12 12:00","anime, animeçizimi, animekızları, animeerkekleri, yapayzeka"
"anime ai 361","https://raw.githubusercontent.com/ilaydabayrak/autopin-action/main/to_post2/20250730_2052_image%20%281%29.png","AI ART","","","","2025-08-12 15:00","anime, animeçizimi, animekızları, animeerkekleri, yapayzeka"
"anime ai 362","https://raw.githubusercontent.com/ilaydabayrak/autopin-action/main/to_post2/20250730_2052_image%20%282%29.png","AI ART","","","","2025-08-12 18:00","anime, animeçizimi, animekızları, animeerkekleri, yapayzeka"
"anime ai 363","https://raw.githubusercontent.com/ilaydabayrak/autopin-action/main/to_post2/20250730_2052_image.png","AI ART","","","","2025-08-12 21:00","anime, animeçizimi, animekızları, animeerkekleri, yapayzeka"
"anime ai 364","https://raw.githubusercontent.com/ilaydabayrak/autopin-action/main/to_post2/20250730_2058_image.png","AI ART","","","","2025-08-13 00:00","anime, animeçizimi, animekızları, animeerkekleri, yapayzeka"
"anime ai 365","https://raw.githubusercontent.com/ilaydabayrak/autopin-action/main/to_post2/20250730_2102_image%20%281%29.png","AI ART","","","","2025-08-13 03:00","anime, animeçizimi, animekızları, animeerkekleri, yapayzeka"
"anime ai 366","https://raw.githubusercontent.com/ilaydabayrak/autopin-action/main/to_post2/20250730_2105_image%20%281%29.png","AI ART","","","","2025-08-13 06:00","anime, animeçizimi, animekızları, animeerkekleri, yapayzeka"
"anime ai 367","https://raw.githubusercontent.com/ilaydabayrak/autopin-action/main/to_post2/20250730_2105_image%20%282%29.png","AI ART","","","","2025-08-13 09:00","anime, animeçizimi, animekızları, animeerkekleri, yapayzeka"
"anime ai 368","https://raw.githubusercontent.com/ilaydabayrak/autopin-action/main/to_post2/20250730_2105_image%20%283%29.png","AI ART","","","","2025-08-13 12:00","anime, animeçizimi, animekızları, animeerkekleri, yapayzeka"
"anime ai 369","https://raw.githubusercontent.com/ilaydabayrak/autopin-action/main/to_post2/20250730_2107_image%20%281%29.png","AI ART","","","","2025-08-13 15:00","anime, animeçizimi, animekızları, animeerkekleri, yapayzeka"
"anime ai 370","https://raw.githubusercontent.com/ilaydabayrak/autopin-action/main/to_post2/20250730_2107_image.png","AI ART","","","","2025-08-13 18:00","anime, animeçizimi, animekızları, animeerkekleri, yapayzeka"
"anime ai 371","https://raw.githubusercontent.com/ilaydabayrak/autopin-action/main/to_post2/20250730_2111_image%20%281%29.png","AI ART","","","","2025-08-13 21:00","anime, animeçizimi, animekızları, animeerkekleri, yapayzeka"
"anime ai 372","https://raw.githubusercontent.com/ilaydabayrak/autopin-action/main/to_post2/20250730_2111_image.png","AI ART","","","","2025-08-14 00:00","anime, animeçizimi, animekızları, animeerkekleri, yapayzeka"
"anime ai 373","https://raw.githubusercontent.com/ilaydabayrak/autopin-action/main/to_post2/20250730_2113_image%20%281%29.png","AI ART","","","","2025-08-14 03:00","anime, animeçizimi, animekızları, animeerkekleri, yapayzeka"
"anime ai 374","https://raw.githubusercontent.com/ilaydabayrak/autopin-action/main/to_post2/20250730_2113_image.png","AI ART","","","","2025-08-14 06:00","anime, animeçizimi, animekızları, animeerkekleri, yapayzeka"
"anime ai 375","https://raw.githubusercontent.com/ilaydabayrak/autopin-action/main/to_post2/20250730_2127_image.png","AI ART","","","","2025-08-14 09:00","anime, animeçizimi, animekızları, animeerkekleri, yapayzeka"
"anime ai 376","https://raw.githubusercontent.com/ilaydabayrak/autopin-action/main/to_post2/20250730_2131_image%20%281%29.png","AI ART","","","","2025-08-14 12:00","anime, animeçizimi, animekızları, animeerkekleri, yapayzeka"
"anime ai 377","https://raw.githubusercontent.com/ilaydabayrak/autopin-action/main/to_post2/20250730_2131_image.png","AI ART","","","","2025-08-14 15:00","anime, animeçizimi, animekızları, animeerkekleri, yapayzeka"
"anime ai 378","https://raw.githubusercontent.com/ilaydabayrak/autopin-action/main/to_post2/20250730_2132_image.png","AI ART","","","","2025-08-14 18:00","anime, animeçizimi, animekızları, animeerkekleri, yapayzeka"
"anime ai 379","https://raw.githubusercontent.com/ilaydabayrak/autopin-action/main/to_post2/20250730_2136_image%20%281%29.png","AI ART","","","","2025-08-14 21:00","anime, animeçizimi, animekızları, animeerkekleri, yapayzeka"
"anime ai 380","https://raw.githubusercontent.com/ilaydabayrak/autopin-action/main/to_post2/20250730_2136_image%20%282%29.png","AI ART","","","","2025-08-15 00:00","anime, animeçizimi, animekızları, animeerkekleri, yapayzeka"
"anime ai 381","https://raw.githubusercontent.com/ilaydabayrak/autopin-action/main/to_post2/20250730_2136_image%20%283%29.png","AI ART","","","","2025-08-15 03:00","anime, animeçizimi, animekızları, animeerkekleri, yapayzeka"
"anime ai 382","https://raw.githubusercontent.com/ilaydabayrak/autopin-action/main/to_post2/20250730_2136_image%20%284%29.png","AI ART","","","","2025-08-15 06:00","anime, animeçizimi, animekızları, animeerkekleri, yapayzeka"
"anime ai 383","https://raw.githubusercontent.com/ilaydabayrak/autopin-action/main/to_post2/20250730_2136_image%20%285%29.png","AI ART","","","","2025-08-15 09:00","anime, animeçizimi, animekızları, animeerkekleri, yapayzeka"
"anime ai 384","https://raw.githubusercontent.com/ilaydabayrak/autopin-action/main/to_post2/20250730_2136_image%20%286%29.png","AI ART","","","","2025-08-15 12:00","anime, animeçizimi, animekızları, animeerkekleri, yapayzeka"
"anime ai 385","https://raw.githubusercontent.com/ilaydabayrak/autopin-action/main/to_post2/20250730_2136_image.png","AI ART","","","","2025-08-15 15:00","anime, animeçizimi, animekızları, animeerkekleri, yapayzeka"
"anime ai 386","https://raw.githubusercontent.com/ilaydabayrak/autopin-action/main/to_post2/20250730_2138_image%20%281%29.png","AI ART","","","","2025-08-15 18:00","anime, animeçizimi, animekızları, animeerkekleri, yapayzeka"
"anime ai 387","https://raw.githubusercontent.com/ilaydabayrak/autopin-action/main/to_post2/20250730_2138_image%20%282%29.png","AI ART","","","","2025-08-15 21:00","anime, animeçizimi, animekızları, animeerkekleri, yapayzeka"
"anime ai 388","https://raw.githubusercontent.com/ilaydabayrak/autopin-action/main/to_post2/20250730_2138_image%20%283%29.png","AI ART","","","","2025-08-16 00:00","anime, animeçizimi, animekızları, animeerkekleri, yapayzeka"
"anime ai 389","https://raw.githubusercontent.com/ilaydabayrak/autopin-action/main/to_post2/20250730_2138_image.png","AI ART","","","","2025-08-16 03:00","anime, animeçizimi, animekızları, animeerkekleri, yapayzeka"
"anime ai 390","https://raw.githubusercontent.com/ilaydabayrak/autopin-action/main/to_post2/20250730_2139_image%20%283%29.png","AI ART","","","","2025-08-16 06:00","anime, animeçizimi, animekızları, animeerkekleri, yapayzeka"
"anime ai 391","https://raw.githubusercontent.com/ilaydabayrak/autopin-action/main/to_post2/20250730_2139_image%20%284%29.png","AI ART","","","","2025-08-16 09:00","anime, animeçizimi, animekızları, animeerkekleri, yapayzeka"
"anime ai 392","https://raw.githubusercontent.com/ilaydabayrak/autopin-action/main/to_post2/20250730_2139_image.png","AI ART","","","","2025-08-16 12:00","anime, animeçizimi, animekızları, animeerkekleri, yapayzeka"
"anime ai 393","https://raw.githubusercontent.com/ilaydabayrak/autopin-action/main/to_post2/20250730_2140_image%20%281%29.png","AI ART","","","","2025-08-16 15:00","anime, animeçizimi, animekızları, animeerkekleri, yapayzeka"
"anime ai 394","https://raw.githubusercontent.com/ilaydabayrak/autopin-action/main/to_post2/20250730_2140_image%20%282%29.png","AI ART","","","","2025-08-16 18:00","anime, animeçizimi, animekızları, animeerkekleri, yapayzeka"
"anime ai 395","https://raw.githubusercontent.com/ilaydabayrak/autopin-action/main/to_post2/20250730_2140_image%20%283%29.png","AI ART","","","","2025-08-16 21:00","anime, animeçizimi, animekızları, animeerkekleri, yapayzeka"
"anime ai 396","https://raw.githubusercontent.com/ilaydabayrak/autopin-action/main/to_post2/20250730_2141_image.png","AI ART","","","","2025-08-17 00:00","anime, animeçizimi, animekızları, animeerkekleri, yapayzeka"
"anime ai 397","https://raw.githubusercontent.com/ilaydabayrak/autopin-action/main/to_post2/20250730_2142_image%20%282%29.png","AI ART","","","","2025-08-17 03:00","anime, animeçizimi, animekızları, animeerkekleri, yapayzeka"
"anime ai 398","https://raw.githubusercontent.com/ilaydabayrak/autopin-action/main/to_post2/20250730_2142_image.png","AI ART","","","","2025-08-17 06:00","anime, animeçizimi, animekızları, animeerkekleri, yapayzeka"
"anime ai 399","https://raw.githubusercontent.com/ilaydabayrak/autopin-action/main/to_post2/20250730_2203_image%20%282%29.png","AI ART","","","","2025-08-17 09:00","anime, animeçizimi, animekızları, animeerkekleri, yapayzeka"
"anime ai 400","https://raw.githubusercontent.com/ilaydabayrak/autopin-action/main/to_post2/20250730_2203_image%20%283%29.png","AI ART","","","","2025-08-17 12:00","anime, animeçizimi, animekızları, animeerkekleri, yapayzeka"
"anime ai 401","https://raw.githubusercontent.com/ilaydabayrak/autopin-action/main/to_post2/20250730_2203_image.png","AI ART","","","","2025-08-17 15:00","anime, animeçizimi, animekızları, animeerkekleri, yapayzeka"
"anime ai 402","https://raw.githubusercontent.com/ilaydabayrak/autopin-action/main/to_post2/20250730_2208_image%20%281%29.png","AI ART","","","","2025-08-17 18:00","anime, animeçizimi, animekızları, animeerkekleri, yapayzeka"
"anime ai 403","https://raw.githubusercontent.com/ilaydabayrak/autopin-action/main/to_post2/20250730_2208_image%20%282%29.png","AI ART","","","","2025-08-17 21:00","anime, animeçizimi, animekızları, animeerkekleri, yapayzeka"
"anime ai 404","https://raw.githubusercontent.com/ilaydabayrak/autopin-action/main/to_post2/20250730_2211_image%20%281%29.png","AI ART","","","","2025-08-18 00:00","anime, animeçizimi, animekızları, animeerkekleri, yapayzeka"
"anime ai 405","https://raw.githubusercontent.com/ilaydabayrak/autopin-action/main/to_post2/20250730_2211_image%20%282%29.png","AI ART","","","","2025-08-18 03:00","anime, animeçizimi, animekızları, animeerkekleri, yapayzeka"
"anime ai 406","https://raw.githubusercontent.com/ilaydabayrak/autopin-action/main/to_post2/20250730_2211_image%20%283%29.png","AI ART","","","","2025-08-18 06:00","anime, animeçizimi, animekızları, animeerkekleri, yapayzeka"
"anime ai 407","https://raw.githubusercontent.com/ilaydabayrak/autopin-action/main/to_post2/20250730_2211_image%20%284%29.png","AI ART","","","","2025-08-18 09:00","anime, animeçizimi, animekızları, animeerkekleri, yapayzeka"
"anime ai 408","https://raw.githubusercontent.com/ilaydabayrak/autopin-action/main/to_post2/20250730_2211_image.png","AI ART","","","","2025-08-18 12:00","anime, animeçizimi, animekızları, animeerkekleri, yapayzeka"
"anime ai 409","https://raw.githubusercontent.com/ilaydabayrak/autopin-action/main/to_post2/20250730_2215_image.png","AI ART","","","","2025-08-18 15:00","anime, animeçizimi, animekızları, animeerkekleri, yapayzeka"
"anime ai 410","https://raw.githubusercontent.com/ilaydabayrak/autopin-action/main/to_post2/20250730_2224_image%20%281%29.png","AI ART","","","","2025-08-18 18:00","anime, animeçizimi, animekızları, animeerkekleri, yapayzeka"
"anime ai 411","https://raw.githubusercontent.com/ilaydabayrak/autopin-action/main/to_post2/20250730_2224_image%20%282%29.png","AI ART","","","","2025-08-18 21:00","anime, animeçizimi, animekızları, animeerkekleri, yapayzeka"
"anime ai 412","https://raw.githubusercontent.com/ilaydabayrak/autopin-action/main/to_post2/20250730_2224_image%20%283%29.png","AI ART","","","","2025-08-19 00:00","anime, animeçizimi, animekızları, animeerkekleri, yapayzeka"
"anime ai 413","https://raw.githubusercontent.com/ilaydabayrak/autopin-action/main/to_post2/20250730_2224_image%20%284%29.png","AI ART","","","","2025-08-19 03:00","anime, animeçizimi, animekızları, animeerkekleri, yapayzeka"
"anime ai 414","https://raw.githubusercontent.com/ilaydabayrak/autopin-action/main/to_post2/20250730_2224_image.png","AI ART","","","","2025-08-19 06:00","anime, animeçizimi, animekızları, animeerkekleri, yapayzeka"
"anime ai 415","https://raw.githubusercontent.com/ilaydabayrak/autopin-action/main/to_post2/20250730_2225_image%20%281%29.png","AI ART","","","","2025-08-19 09:00","anime, animeçizimi, animekızları, animeerkekleri, yapayzeka"
"anime ai 416","https://raw.githubusercontent.com/ilaydabayrak/autopin-action/main/to_post2/20250730_2225_image.png","AI ART","","","","2025-08-19 12:00","anime, animeçizimi, animekızları, animeerkekleri, yapayzeka"
"anime ai 417","https://raw.githubusercontent.com/ilaydabayrak/autopin-action/main/to_post2/20250801_2016_image%20%281%29.png","AI ART","","","","2025-08-19 15:00","anime, animeçizimi, animekızları, animeerkekleri, yapayzeka"
"anime ai 418","https://raw.githubusercontent.com/ilaydabayrak/autopin-action/main/to_post2/20250801_2016_image.png","AI ART","","","","2025-08-19 18:00","anime, animeçizimi, animekızları, animeerkekleri, yapayzeka"
"anime ai 419","https://raw.githubusercontent.com/ilaydabayrak/autopin-action/main/to_post2/20250801_2019_image%20%281%29.png","AI ART","","","","2025-08-19 21:00","anime, animeçizimi, animekızları, animeerkekleri, yapayzeka"
"anime ai 420","https://raw.githubusercontent.com/ilaydabayrak/autopin-action/main/to_post2/20250801_2019_image%20%282%29.png","AI ART","","","","2025-08-20 00:00","anime, animeçizimi, animekızları, animeerkekleri, yapayzeka"
"anime ai 421","https://raw.githubusercontent.com/ilaydabayrak/autopin-action/main/to_post2/20250801_2019_image.png","AI ART","","","","2025-08-20 03:00","anime, animeçizimi, animekızları, animeerkekleri, yapayzeka"
"anime ai 422","https://raw.githubusercontent.com/ilaydabayrak/autopin-action/main/to_post2/20250801_2021_image.png","AI ART","","","","2025-08-20 06:00","anime, animeçizimi, animekızları, animeerkekleri, yapayzeka"
"anime ai 423","https://raw.githubusercontent.com/ilaydabayrak/autopin-action/main/to_post2/20250801_2034_image.png","AI ART","","","","2025-08-20 09:00","anime, animeçizimi, animekızları, animeerkekleri, yapayzeka"
"anime ai 424","https://raw.githubusercontent.com/ilaydabayrak/autopin-action/main/to_post2/20250801_2035_image.png","AI ART","","","","2025-08-20 12:00","anime, animeçizimi, animekızları, animeerkekleri, yapayzeka"
"anime ai 425","https://raw.githubusercontent.com/ilaydabayrak/autopin-action/main/to_post2/20250801_2040_image%20%281%29.png","AI ART","","","","2025-08-20 15:00","anime, animeçizimi, animekızları, animeerkekleri, yapayzeka"
"anime ai 426","https://raw.githubusercontent.com/ilaydabayrak/autopin-action/main/to_post2/20250801_2040_image%20%282%29.png","AI ART","","","","2025-08-20 18:00","anime, animeçizimi, animekızları, animeerkekleri, yapayzeka"
"anime ai 427","https://raw.githubusercontent.com/ilaydabayrak/autopin-action/main/to_post2/20250801_2041_image%20%281%29.png","AI ART","","","","2025-08-20 21:00","anime, animeçizimi, animekızları, animeerkekleri, yapayzeka"
"anime ai 428","https://raw.githubusercontent.com/ilaydabayrak/autopin-action/main/to_post2/20250801_2041_image%20%282%29.png","AI ART","","","","2025-08-21 00:00","anime, animeçizimi, animekızları, animeerkekleri, yapayzeka"
"anime ai 429","https://raw.githubusercontent.com/ilaydabayrak/autopin-action/main/to_post2/20250801_2042_image.png","AI ART","","","","2025-08-21 03:00","anime, animeçizimi, animekızları, animeerkekleri, yapayzeka"
"anime ai 430","https://raw.githubusercontent.com/ilaydabayrak/autopin-action/main/to_post2/20250801_2043_image%20%281%29.png","AI ART","","","","2025-08-21 06:00","anime, animeçizimi, animekızları, animeerkekleri, yapayzeka"
"anime ai 431","https://raw.githubusercontent.com/ilaydabayrak/autopin-action/main/to_post2/20250801_2043_image.png","AI ART","","","","2025-08-21 09:00","anime, animeçizimi, animekızları, animeerkekleri, yapayzeka"
"anime ai 432","https://raw.githubusercontent.com/ilaydabayrak/autopin-action/main/to_post2/20250801_2044_image%20%281%29.png","AI ART","","","","2025-08-21 12:00","anime, animeçizimi, animekızları, animeerkekleri, yapayzeka"
"anime ai 433","https://raw.githubusercontent.com/ilaydabayrak/autopin-action/main/to_post2/20250801_2044_image%20%282%29.png","AI ART","","","","2025-08-21 15:00","anime, animeçizimi, animekızları, animeerkekleri, yapayzeka"
"anime ai 434","https://raw.githubusercontent.com/ilaydabayrak/autopin-action/main/to_post2/20250801_2044_image.png","AI ART","","","","2025-08-21 18:00","anime, animeçizimi, animekızları, animeerkekleri, yapayzeka"
"anime ai 435","https://raw.githubusercontent.com/ilaydabayrak/autopin-action/main/to_post2/20250801_2045_image%20%281%29.png","AI ART","","","","2025-08-21 21:00","anime, animeçizimi, animekızları, animeerkekleri, yapayzeka"
"anime ai 436","https://raw.githubusercontent.com/ilaydabayrak/autopin-action/main/to_post2/20250801_2045_image%20%282%29.png","AI ART","","","","2025-08-22 00:00","anime, animeçizimi, animekızları, animeerkekleri, yapayzeka"
"anime ai 437","https://raw.githubusercontent.com/ilaydabayrak/autopin-action/main/to_post2/20250801_2045_image%20%283%29.png","AI ART","","","","2025-08-22 03:00","anime, animeçizimi, animekızları, animeerkekleri, yapayzeka"
"anime ai 438","https://raw.githubusercontent.com/ilaydabayrak/autopin-action/main/to_post2/20250801_2045_image%20%284%29.png","AI ART","","","","2025-08-22 06:00","anime, animeçizimi, animekızları, animeerkekleri, yapayzeka"
"anime ai 439","https://raw.githubusercontent.com/ilaydabayrak/autopin-action/main/to_post2/20250801_2045_image%20%285%29.png","AI ART","","","","2025-08-22 09:00","anime, animeçizimi, animekızları, animeerkekleri, yapayzeka"
"anime ai 440","https://raw.githubusercontent.com/ilaydabayrak/autopin-action/main/to_post2/20250801_2045_image.png","AI ART","","","","2025-08-22 12:00","anime, animeçizimi, animekızları, animeerkekleri, yapayzeka"
"anime ai 441","https://raw.githubusercontent.com/ilaydabayrak/autopin-action/main/to_post2/20250801_2046_image%20%281%29.png","AI ART","","","","2025-08-22 15:00","anime, animeçizimi, animekızları, animeerkekleri, yapayzeka"
"anime ai 442","https://raw.githubusercontent.com/ilaydabayrak/autopin-action/main/to_post2/20250801_2046_image%20%282%29.png","AI ART","","","","2025-08-22 18:00","anime, animeçizimi, animekızları, animeerkekleri, yapayzeka"
"anime ai 443","https://raw.githubusercontent.com/ilaydabayrak/autopin-action/main/to_post2/20250801_2046_image%20%283%29.png","AI ART","","","","2025-08-22 21:00","anime, animeçizimi, animekızları, animeerkekleri, yapayzeka"
"anime ai 444","https://raw.githubusercontent.com/ilaydabayrak/autopin-action/main/to_post2/20250801_2046_image%20%284%29.png","AI ART","","","","2025-08-23 00:00","anime, animeçizimi, animekızları, animeerkekleri, yapayzeka"
"anime ai 445","https://raw.githubusercontent.com/ilaydabayrak/autopin-action/main/to_post2/20250801_2046_image.png","AI ART","","","","2025-08-23 03:00","anime, animeçizimi, animekızları, animeerkekleri, yapayzeka"
"anime ai 446","https://raw.githubusercontent.com/ilaydabayrak/autopin-action/main/to_post2/20250801_2050_image%20%281%29.png","AI ART","","","","2025-08-23 06:00","anime, animeçizimi, animekızları, animeerkekleri, yapayzeka"
"anime ai 447","https://raw.githubusercontent.com/ilaydabayrak/autopin-action/main/to_post2/20250801_2050_image.png","AI ART","","","","2025-08-23 09:00","anime, animeçizimi, animekızları, animeerkekleri, yapayzeka"
"anime ai 448","https://raw.githubusercontent.com/ilaydabayrak/autopin-action/main/to_post2/20250801_2051_image%20%281%29.png","AI ART","","","","2025-08-23 12:00","anime, animeçizimi, animekızları, animeerkekleri, yapayzeka"
"anime ai 449","https://raw.githubusercontent.com/ilaydabayrak/autopin-action/main/to_post2/20250801_2051_image%20%282%29.png","AI ART","","","","2025-08-23 15:00","anime, animeçizimi, animekızları, animeerkekleri, yapayzeka"
"anime ai 450","https://raw.githubusercontent.com/ilaydabayrak/autopin-action/main/to_post2/20250801_2051_image.png","AI ART","","","","2025-08-23 18:00","anime, animeçizimi, animekızları, animeerkekleri, yapayzeka"
"anime ai 451","https://raw.githubusercontent.com/ilaydabayrak/autopin-action/main/to_post2/20250801_2052_image%20%281%29.png","AI ART","","","","2025-08-23 21:00","anime, animeçizimi, animekızları, animeerkekleri, yapayzeka"
"anime ai 452","https://raw.githubusercontent.com/ilaydabayrak/autopin-action/main/to_post2/20250801_2052_image%20%282%29.png","AI ART","","","","2025-08-24 00:00","anime, animeçizimi, animekızları, animeerkekleri, yapayzeka"
"anime ai 453","https://raw.githubusercontent.com/ilaydabayrak/autopin-action/main/to_post2/20250801_2052_image.png","AI ART","","","","2025-08-24 03:00","anime, animeçizimi, animekızları, animeerkekleri, yapayzeka"
"anime ai 454","https://raw.githubusercontent.com/ilaydabayrak/autopin-action/main/to_post2/20250801_2053_image%20%281%29.png","AI ART","","","","2025-08-24 06:00","anime, animeçizimi, animekızları, animeerkekleri, yapayzeka"
"anime ai 455","https://raw.githubusercontent.com/ilaydabayrak/autopin-action/main/to_post2/20250801_2053_image%20%282%29.png","AI ART","","","","2025-08-24 09:00","anime, animeçizimi, animekızları, animeerkekleri, yapayzeka"
"anime ai 456","https://raw.githubusercontent.com/ilaydabayrak/autopin-action/main/to_post2/20250801_2053_image%20%283%29.png","AI ART","","","","2025-08-24 12:00","anime, animeçizimi, animekızları, animeerkekleri, yapayzeka"
"anime ai 457","https://raw.githubusercontent.com/ilaydabayrak/autopin-action/main/to_post2/20250801_2053_image%20%284%29.png","AI ART","","","","2025-08-24 15:00","anime, animeçizimi, animekızları, animeerkekleri, yapayzeka"
"anime ai 458","https://raw.githubusercontent.com/ilaydabayrak/autopin-action/main/to_post2/20250801_2053_image%20%285%29.png","AI ART","","","","2025-08-24 18:00","anime, animeçizimi, animekızları, animeerkekleri, yapayzeka"
"anime ai 459","https://raw.githubusercontent.com/ilaydabayrak/autopin-action/main/to_post2/20250801_2053_image.png","AI ART","","","","2025-08-24 21:00","anime, animeçizimi, animekızları, animeerkekleri, yapayzeka"
"anime ai 460","https://raw.githubusercontent.com/ilaydabayrak/autopin-action/main/to_post2/20250801_2054_image.png","AI ART","","","","2025-08-25 00:00","anime, animeçizimi, animekızları, animeerkekleri, yapayzeka"
"anime ai 461","https://raw.githubusercontent.com/ilaydabayrak/autopin-action/main/to_post2/20250801_2055_image%20%281%29.png","AI ART","","","","2025-08-25 03:00","anime, animeçizimi, animekızları, animeerkekleri, yapayzeka"
"anime ai 462","https://raw.githubusercontent.com/ilaydabayrak/autopin-action/main/to_post2/20250801_2055_image%20%282%29.png","AI ART","","","","2025-08-25 06:00","anime, animeçizimi, animekızları, animeerkekleri, yapayzeka"
"anime ai 463","https://raw.githubusercontent.com/ilaydabayrak/autopin-action/main/to_post2/20250801_2055_image%20%283%29.png","AI ART","","","","2025-08-25 09:00","anime, animeçizimi, animekızları, animeerkekleri, yapayzeka"
"anime ai 464","https://raw.githubusercontent.com/ilaydabayrak/autopin-action/main/to_post2/20250801_2055_image%20%284%29.png","AI ART","","","","2025-08-25 12:00","anime, animeçizimi, animekızları, animeerkekleri, yapayzeka"
"anime ai 465","https://raw.githubusercontent.com/ilaydabayrak/autopin-action/main/to_post2/20250801_2055_image.png","AI ART","","","","2025-08-25 15:00","anime, animeçizimi, animekızları, animeerkekleri, yapayzeka"
"anime ai 466","https://raw.githubusercontent.com/ilaydabayrak/autopin-action/main/to_post2/20250801_2058_image%20%281%29.png","AI ART","","","","2025-08-25 18:00","anime, animeçizimi, animekızları, animeerkekleri, yapayzeka"
"anime ai 467","https://raw.githubusercontent.com/ilaydabayrak/autopin-action/main/to_post2/20250801_2058_image%20%282%29.png","AI ART","","","","2025-08-25 21:00","anime, animeçizimi, animekızları, animeerkekleri, yapayzeka"
"anime ai 468","https://raw.githubusercontent.com/ilaydabayrak/autopin-action/main/to_post2/20250801_2058_image.png","AI ART","","","","2025-08-26 00:00","anime, animeçizimi, animekızları, animeerkekleri, yapayzeka"
"anime ai 469","https://raw.githubusercontent.com/ilaydabayrak/autopin-action/main/to_post2/20250801_2059_image%20%281%29.png","AI ART","","","","2025-08-26 03:00","anime, animeçizimi, animekızları, animeerkekleri, yapayzeka"
"anime ai 470","https://raw.githubusercontent.com/ilaydabayrak/autopin-action/main/to_post2/20250801_2059_image%20%282%29.png","AI ART","","","","2025-08-26 06:00","anime, animeçizimi, animekızları, animeerkekleri, yapayzeka"
"anime ai 471","https://raw.githubusercontent.com/ilaydabayrak/autopin-action/main/to_post2/20250801_2059_image.png","AI ART","","","","2025-08-26 09:00","anime, animeçizimi, animekızları, animeerkekleri, yapayzeka"
"anime ai 472","https://raw.githubusercontent.com/ilaydabayrak/autopin-action/main/to_post2/20250801_2100_image%20%281%29.png","AI ART","","","","2025-08-26 12:00","anime, animeçizimi, animekızları, animeerkekleri, yapayzeka"
"anime ai 473","https://raw.githubusercontent.com/ilaydabayrak/autopin-action/main/to_post2/20250801_2100_image%20%282%29.png","AI ART","","","","2025-08-26 15:00","anime, animeçizimi, animekızları, animeerkekleri, yapayzeka"
"anime ai 474","https://raw.githubusercontent.com/ilaydabayrak/autopin-action/main/to_post2/20250801_2100_image%20%283%29.png","AI ART","","","","2025-08-26 18:00","anime, animeçizimi, animekızları, animeerkekleri, yapayzeka"
"anime ai 475","https://raw.githubusercontent.com/ilaydabayrak/autopin-action/main/to_post2/20250801_2100_image.png","AI ART","","","","2025-08-26 21:00","anime, animeçizimi, animekızları, animeerkekleri, yapayzeka"
"anime ai 476","https://raw.githubusercontent.com/ilaydabayrak/autopin-action/main/to_post2/20250801_2102_image%20%281%29.png","AI ART","","","","2025-08-27 00:00","anime, animeçizimi, animekızları, animeerkekleri, yapayzeka"
"anime ai 477","https://raw.githubusercontent.com/ilaydabayrak/autopin-action/main/to_post2/20250801_2102_image%20%282%29.png","AI ART","","","","2025-08-27 03:00","anime, animeçizimi, animekızları, animeerkekleri, yapayzeka"
"anime ai 478","https://raw.githubusercontent.com/ilaydabayrak/autopin-action/main/to_post2/20250801_2102_image%20%283%29.png","AI ART","","","","2025-08-27 06:00","anime, animeçizimi, animekızları, animeerkekleri, yapayzeka"
"anime ai 479","https://raw.githubusercontent.com/ilaydabayrak/autopin-action/main/to_post2/20250801_2102_image.png","AI ART","","","","2025-08-27 09:00","anime, animeçizimi, animekızları, animeerkekleri, yapayzeka"
"anime ai 480","https://raw.githubusercontent.com/ilaydabayrak/autopin-action/main/to_post2/20250801_2103_image%20%281%29.png","AI ART","","","","2025-08-27 12:00","anime, animeçizimi, animekızları, animeerkekleri, yapayzeka"
"anime ai 481","https://raw.githubusercontent.com/ilaydabayrak/autopin-action/main/to_post2/20250801_2103_image%20%283%29.png","AI ART","","","","2025-08-27 15:00","anime, animeçizimi, animekızları, animeerkekleri, yapayzeka"
"anime ai 482","https://raw.githubusercontent.com/ilaydabayrak/autopin-action/main/to_post2/20250801_2103_image.png","AI ART","","","","2025-08-27 18:00","anime, animeçizimi, animekızları, animeerkekleri, yapayzeka"
